"No.","Time","Source","Destination","Protocol","Length","Info"
"1","1403525379.416161","10.0.2.23","10.0.2.1","UDP","58","Source port: 45209  Destination port: 9930"
"2","1403525379.416590","10.0.2.23","10.0.2.1","UDP","58","Source port: 45209  Destination port: 9930"
"3","1403525379.417003","10.0.2.23","10.0.2.1","UDP","58","Source port: 45209  Destination port: 9930"
"4","1403525379.417393","10.0.2.23","10.0.2.1","UDP","58","Source port: 45209  Destination port: 9930"
"5","1403525379.417749","10.0.2.23","10.0.2.1","UDP","58","Source port: 45209  Destination port: 9930"
"6","1403525379.418127","10.0.2.23","10.0.2.1","UDP","58","Source port: 45209  Destination port: 9930"
"7","1403525379.418477","10.0.2.23","10.0.2.1","UDP","58","Source port: 45209  Destination port: 9930"
"8","1403525379.418875","10.0.2.23","10.0.2.1","UDP","58","Source port: 45209  Destination port: 9930"
"9","1403525379.419236","10.0.2.23","10.0.2.1","UDP","58","Source port: 45209  Destination port: 9930"
"10","1403525379.419605","10.0.2.23","10.0.2.1","UDP","58","Source port: 45209  Destination port: 9930"
"11","1403525379.419936","10.0.2.23","10.0.2.1","UDP","58","Source port: 45209  Destination port: 9930"
"12","1403525379.420285","10.0.2.23","10.0.2.1","UDP","58","Source port: 45209  Destination port: 9930"
"13","1403525379.420646","10.0.2.23","10.0.2.1","UDP","58","Source port: 45209  Destination port: 9930"
"14","1403525379.421022","10.0.2.23","10.0.2.1","UDP","58","Source port: 45209  Destination port: 9930"
"15","1403525379.421371","10.0.2.23","10.0.2.1","UDP","58","Source port: 45209  Destination port: 9930"
"16","1403525379.421730","10.0.2.23","10.0.2.1","UDP","58","Source port: 45209  Destination port: 9930"
"17","1403525379.422101","10.0.2.23","10.0.2.1","UDP","58","Source port: 45209  Destination port: 9930"
"18","1403525379.422434","10.0.2.23","10.0.2.1","UDP","58","Source port: 45209  Destination port: 9930"
"19","1403525379.422862","10.0.2.23","10.0.2.1","UDP","58","Source port: 45209  Destination port: 9930"
"20","1403525379.423238","10.0.2.23","10.0.2.1","UDP","58","Source port: 45209  Destination port: 9930"
"21","1403525379.423608","10.0.2.23","10.0.2.1","UDP","58","Source port: 45209  Destination port: 9930"
"22","1403525379.423949","10.0.2.23","10.0.2.1","UDP","58","Source port: 45209  Destination port: 9930"
"23","1403525379.424297","10.0.2.23","10.0.2.1","UDP","58","Source port: 45209  Destination port: 9930"
"24","1403525379.424641","10.0.2.23","10.0.2.1","UDP","58","Source port: 45209  Destination port: 9930"
"25","1403525379.424953","10.0.2.23","10.0.2.1","UDP","58","Source port: 45209  Destination port: 9930"
"26","1403525379.425209","10.0.2.23","10.0.2.1","UDP","58","Source port: 45209  Destination port: 9930"
"27","1403525379.425476","10.0.2.23","10.0.2.1","UDP","58","Source port: 45209  Destination port: 9930"
"28","1403525379.425739","10.0.2.23","10.0.2.1","UDP","58","Source port: 45209  Destination port: 9930"
"29","1403525379.425997","10.0.2.23","10.0.2.1","UDP","58","Source port: 45209  Destination port: 9930"
"30","1403525379.426258","10.0.2.23","10.0.2.1","UDP","58","Source port: 45209  Destination port: 9930"
"31","1403525379.426515","10.0.2.23","10.0.2.1","UDP","58","Source port: 45209  Destination port: 9930"
"32","1403525379.426883","10.0.2.23","10.0.2.1","UDP","58","Source port: 45209  Destination port: 9930"
"33","1403525379.427182","10.0.2.23","10.0.2.1","UDP","58","Source port: 45209  Destination port: 9930"
"34","1403525379.427456","10.0.2.23","10.0.2.1","UDP","58","Source port: 45209  Destination port: 9930"
"35","1403525379.427734","10.0.2.23","10.0.2.1","UDP","58","Source port: 45209  Destination port: 9930"
"36","1403525379.428052","10.0.2.23","10.0.2.1","UDP","58","Source port: 45209  Destination port: 9930"
"37","1403525379.428368","10.0.2.23","10.0.2.1","UDP","58","Source port: 45209  Destination port: 9930"
"38","1403525379.428694","10.0.2.23","10.0.2.1","UDP","58","Source port: 45209  Destination port: 9930"
"39","1403525379.429071","10.0.2.23","10.0.2.1","UDP","58","Source port: 45209  Destination port: 9930"
"40","1403525379.429450","10.0.2.23","10.0.2.1","UDP","58","Source port: 45209  Destination port: 9930"
"41","1403525379.429839","10.0.2.23","10.0.2.1","UDP","58","Source port: 45209  Destination port: 9930"
"42","1403525379.430229","10.0.2.23","10.0.2.1","UDP","58","Source port: 45209  Destination port: 9930"
"43","1403525379.430591","10.0.2.23","10.0.2.1","UDP","58","Source port: 45209  Destination port: 9930"
"44","1403525379.430944","10.0.2.23","10.0.2.1","UDP","58","Source port: 45209  Destination port: 9930"
"45","1403525379.431339","10.0.2.23","10.0.2.1","UDP","58","Source port: 45209  Destination port: 9930"
"46","1403525379.431727","10.0.2.23","10.0.2.1","UDP","58","Source port: 45209  Destination port: 9930"
"47","1403525379.432094","10.0.2.23","10.0.2.1","UDP","58","Source port: 45209  Destination port: 9930"
"48","1403525379.432447","10.0.2.23","10.0.2.1","UDP","58","Source port: 45209  Destination port: 9930"
"49","1403525379.432816","10.0.2.23","10.0.2.1","UDP","58","Source port: 45209  Destination port: 9930"
"50","1403525379.433186","10.0.2.23","10.0.2.1","UDP","58","Source port: 45209  Destination port: 9930"
"51","1403525379.437737","10.0.2.23","10.0.2.1","UDP","58","Source port: 52667  Destination port: 9930"
"52","1403525379.438603","10.0.2.23","10.0.2.1","UDP","58","Source port: 52667  Destination port: 9930"
"53","1403525379.439577","10.0.2.23","10.0.2.1","UDP","58","Source port: 52667  Destination port: 9930"
"54","1403525379.440409","10.0.2.23","10.0.2.1","UDP","58","Source port: 52667  Destination port: 9930"
"55","1403525379.441218","10.0.2.23","10.0.2.1","UDP","58","Source port: 52667  Destination port: 9930"
"56","1403525379.442028","10.0.2.23","10.0.2.1","UDP","58","Source port: 52667  Destination port: 9930"
"57","1403525379.442961","10.0.2.23","10.0.2.1","UDP","58","Source port: 52667  Destination port: 9930"
"58","1403525379.443786","10.0.2.23","10.0.2.1","UDP","58","Source port: 52667  Destination port: 9930"
"59","1403525379.444599","10.0.2.23","10.0.2.1","UDP","58","Source port: 52667  Destination port: 9930"
"60","1403525379.445410","10.0.2.23","10.0.2.1","UDP","58","Source port: 52667  Destination port: 9930"
"61","1403525379.446222","10.0.2.23","10.0.2.1","UDP","58","Source port: 52667  Destination port: 9930"
"62","1403525379.447022","10.0.2.23","10.0.2.1","UDP","58","Source port: 52667  Destination port: 9930"
"63","1403525379.447836","10.0.2.23","10.0.2.1","UDP","58","Source port: 52667  Destination port: 9930"
"64","1403525379.448649","10.0.2.23","10.0.2.1","UDP","58","Source port: 52667  Destination port: 9930"
"65","1403525379.449459","10.0.2.23","10.0.2.1","UDP","58","Source port: 52667  Destination port: 9930"
"66","1403525379.450263","10.0.2.23","10.0.2.1","UDP","58","Source port: 52667  Destination port: 9930"
"67","1403525379.451149","10.0.2.23","10.0.2.1","UDP","58","Source port: 52667  Destination port: 9930"
"68","1403525379.452088","10.0.2.23","10.0.2.1","UDP","58","Source port: 52667  Destination port: 9930"
"69","1403525379.453000","10.0.2.23","10.0.2.1","UDP","58","Source port: 52667  Destination port: 9930"
"70","1403525379.453891","10.0.2.23","10.0.2.1","UDP","58","Source port: 52667  Destination port: 9930"
"71","1403525379.454873","10.0.2.23","10.0.2.1","UDP","58","Source port: 52667  Destination port: 9930"
"72","1403525379.455868","10.0.2.23","10.0.2.1","UDP","58","Source port: 52667  Destination port: 9930"
"73","1403525379.456740","10.0.2.23","10.0.2.1","UDP","58","Source port: 52667  Destination port: 9930"
"74","1403525379.457610","10.0.2.23","10.0.2.1","UDP","58","Source port: 52667  Destination port: 9930"
"75","1403525379.458479","10.0.2.23","10.0.2.1","UDP","58","Source port: 52667  Destination port: 9930"
"76","1403525379.459364","10.0.2.23","10.0.2.1","UDP","58","Source port: 52667  Destination port: 9930"
"77","1403525379.460250","10.0.2.23","10.0.2.1","UDP","58","Source port: 52667  Destination port: 9930"
"78","1403525379.461130","10.0.2.23","10.0.2.1","UDP","58","Source port: 52667  Destination port: 9930"
"79","1403525379.462006","10.0.2.23","10.0.2.1","UDP","58","Source port: 52667  Destination port: 9930"
"80","1403525379.462951","10.0.2.23","10.0.2.1","UDP","58","Source port: 52667  Destination port: 9930"
"81","1403525379.463870","10.0.2.23","10.0.2.1","UDP","58","Source port: 52667  Destination port: 9930"
"82","1403525379.464755","10.0.2.23","10.0.2.1","UDP","58","Source port: 52667  Destination port: 9930"
"83","1403525379.465639","10.0.2.23","10.0.2.1","UDP","58","Source port: 52667  Destination port: 9930"
"84","1403525379.466523","10.0.2.23","10.0.2.1","UDP","58","Source port: 52667  Destination port: 9930"
"85","1403525379.467409","10.0.2.23","10.0.2.1","UDP","58","Source port: 52667  Destination port: 9930"
"86","1403525379.468296","10.0.2.23","10.0.2.1","UDP","58","Source port: 52667  Destination port: 9930"
"87","1403525379.469202","10.0.2.23","10.0.2.1","UDP","58","Source port: 52667  Destination port: 9930"
"88","1403525379.470107","10.0.2.23","10.0.2.1","UDP","58","Source port: 52667  Destination port: 9930"
"89","1403525379.470985","10.0.2.23","10.0.2.1","UDP","58","Source port: 52667  Destination port: 9930"
"90","1403525379.471872","10.0.2.23","10.0.2.1","UDP","58","Source port: 52667  Destination port: 9930"
"91","1403525379.472759","10.0.2.23","10.0.2.1","UDP","58","Source port: 52667  Destination port: 9930"
"92","1403525379.473643","10.0.2.23","10.0.2.1","UDP","58","Source port: 52667  Destination port: 9930"
"93","1403525379.474527","10.0.2.23","10.0.2.1","UDP","58","Source port: 52667  Destination port: 9930"
"94","1403525379.475426","10.0.2.23","10.0.2.1","UDP","58","Source port: 52667  Destination port: 9930"
"95","1403525379.476354","10.0.2.23","10.0.2.1","UDP","58","Source port: 52667  Destination port: 9930"
"96","1403525379.477270","10.0.2.23","10.0.2.1","UDP","58","Source port: 52667  Destination port: 9930"
"97","1403525379.478147","10.0.2.23","10.0.2.1","UDP","58","Source port: 52667  Destination port: 9930"
"98","1403525379.479046","10.0.2.23","10.0.2.1","UDP","58","Source port: 52667  Destination port: 9930"
"99","1403525379.479977","10.0.2.23","10.0.2.1","UDP","58","Source port: 52667  Destination port: 9930"
"100","1403525379.480879","10.0.2.23","10.0.2.1","UDP","58","Source port: 52667  Destination port: 9930"
"101","1403525379.487507","10.0.2.23","10.0.2.1","UDP","58","Source port: 37754  Destination port: 9930"
"102","1403525379.489110","10.0.2.23","10.0.2.1","UDP","58","Source port: 37754  Destination port: 9930"
"103","1403525379.490552","10.0.2.23","10.0.2.1","UDP","58","Source port: 37754  Destination port: 9930"
"104","1403525379.492177","10.0.2.23","10.0.2.1","UDP","58","Source port: 37754  Destination port: 9930"
"105","1403525379.493638","10.0.2.23","10.0.2.1","UDP","58","Source port: 37754  Destination port: 9930"
"106","1403525379.495077","10.0.2.23","10.0.2.1","UDP","58","Source port: 37754  Destination port: 9930"
"107","1403525379.496546","10.0.2.23","10.0.2.1","UDP","58","Source port: 37754  Destination port: 9930"
"108","1403525379.498026","10.0.2.23","10.0.2.1","UDP","58","Source port: 37754  Destination port: 9930"
"109","1403525379.499425","10.0.2.23","10.0.2.1","UDP","58","Source port: 37754  Destination port: 9930"
"110","1403525379.500923","10.0.2.23","10.0.2.1","UDP","58","Source port: 37754  Destination port: 9930"
"111","1403525379.502345","10.0.2.23","10.0.2.1","UDP","58","Source port: 37754  Destination port: 9930"
"112","1403525379.504008","10.0.2.23","10.0.2.1","UDP","58","Source port: 37754  Destination port: 9930"
"113","1403525379.505556","10.0.2.23","10.0.2.1","UDP","58","Source port: 37754  Destination port: 9930"
"114","1403525379.507042","10.0.2.23","10.0.2.1","UDP","58","Source port: 37754  Destination port: 9930"
"115","1403525379.508515","10.0.2.23","10.0.2.1","UDP","58","Source port: 37754  Destination port: 9930"
"116","1403525379.509950","10.0.2.23","10.0.2.1","UDP","58","Source port: 37754  Destination port: 9930"
"117","1403525379.511424","10.0.2.23","10.0.2.1","UDP","58","Source port: 37754  Destination port: 9930"
"118","1403525379.512891","10.0.2.23","10.0.2.1","UDP","58","Source port: 37754  Destination port: 9930"
"119","1403525379.514325","10.0.2.23","10.0.2.1","UDP","58","Source port: 37754  Destination port: 9930"
"120","1403525379.515746","10.0.2.23","10.0.2.1","UDP","58","Source port: 37754  Destination port: 9930"
"121","1403525379.517195","10.0.2.23","10.0.2.1","UDP","58","Source port: 37754  Destination port: 9930"
"122","1403525379.518669","10.0.2.23","10.0.2.1","UDP","58","Source port: 37754  Destination port: 9930"
"123","1403525379.520240","10.0.2.23","10.0.2.1","UDP","58","Source port: 37754  Destination port: 9930"
"124","1403525379.521621","10.0.2.23","10.0.2.1","UDP","58","Source port: 37754  Destination port: 9930"
"125","1403525379.523068","10.0.2.23","10.0.2.1","UDP","58","Source port: 37754  Destination port: 9930"
"126","1403525379.524540","10.0.2.23","10.0.2.1","UDP","58","Source port: 37754  Destination port: 9930"
"127","1403525379.526003","10.0.2.23","10.0.2.1","UDP","58","Source port: 37754  Destination port: 9930"
"128","1403525379.527479","10.0.2.23","10.0.2.1","UDP","58","Source port: 37754  Destination port: 9930"
"129","1403525379.528938","10.0.2.23","10.0.2.1","UDP","58","Source port: 37754  Destination port: 9930"
"130","1403525379.530398","10.0.2.23","10.0.2.1","UDP","58","Source port: 37754  Destination port: 9930"
"131","1403525379.531840","10.0.2.23","10.0.2.1","UDP","58","Source port: 37754  Destination port: 9930"
"132","1403525379.533307","10.0.2.23","10.0.2.1","UDP","58","Source port: 37754  Destination port: 9930"
"133","1403525379.534869","10.0.2.23","10.0.2.1","UDP","58","Source port: 37754  Destination port: 9930"
"134","1403525379.536328","10.0.2.23","10.0.2.1","UDP","58","Source port: 37754  Destination port: 9930"
"135","1403525379.537799","10.0.2.23","10.0.2.1","UDP","58","Source port: 37754  Destination port: 9930"
"136","1403525379.539275","10.0.2.23","10.0.2.1","UDP","58","Source port: 37754  Destination port: 9930"
"137","1403525379.540720","10.0.2.23","10.0.2.1","UDP","58","Source port: 37754  Destination port: 9930"
"138","1403525379.542192","10.0.2.23","10.0.2.1","UDP","58","Source port: 37754  Destination port: 9930"
"139","1403525379.543655","10.0.2.23","10.0.2.1","UDP","58","Source port: 37754  Destination port: 9930"
"140","1403525379.545096","10.0.2.23","10.0.2.1","UDP","58","Source port: 37754  Destination port: 9930"
"141","1403525379.546563","10.0.2.23","10.0.2.1","UDP","58","Source port: 37754  Destination port: 9930"
"142","1403525379.548156","10.0.2.23","10.0.2.1","UDP","58","Source port: 37754  Destination port: 9930"
"143","1403525379.549599","10.0.2.23","10.0.2.1","UDP","58","Source port: 37754  Destination port: 9930"
"144","1403525379.551104","10.0.2.23","10.0.2.1","UDP","58","Source port: 37754  Destination port: 9930"
"145","1403525379.552553","10.0.2.23","10.0.2.1","UDP","58","Source port: 37754  Destination port: 9930"
"146","1403525379.554021","10.0.2.23","10.0.2.1","UDP","58","Source port: 37754  Destination port: 9930"
"147","1403525379.555456","10.0.2.23","10.0.2.1","UDP","58","Source port: 37754  Destination port: 9930"
"148","1403525379.556924","10.0.2.23","10.0.2.1","UDP","58","Source port: 37754  Destination port: 9930"
"149","1403525379.558384","10.0.2.23","10.0.2.1","UDP","58","Source port: 37754  Destination port: 9930"
"150","1403525379.559829","10.0.2.23","10.0.2.1","UDP","58","Source port: 37754  Destination port: 9930"
"151","1403525379.570684","10.0.2.23","10.0.2.1","UDP","58","Source port: 55156  Destination port: 9930"
"152","1403525379.576344","10.0.2.23","10.0.2.1","UDP","58","Source port: 55156  Destination port: 9930"
"153","1403525379.581864","10.0.2.23","10.0.2.1","UDP","58","Source port: 55156  Destination port: 9930"
"154","1403525379.587312","10.0.2.23","10.0.2.1","UDP","58","Source port: 55156  Destination port: 9930"
"155","1403525379.592782","10.0.2.23","10.0.2.1","UDP","58","Source port: 55156  Destination port: 9930"
"156","1403525379.598226","10.0.2.23","10.0.2.1","UDP","58","Source port: 55156  Destination port: 9930"
"157","1403525379.603704","10.0.2.23","10.0.2.1","UDP","58","Source port: 55156  Destination port: 9930"
"158","1403525379.609162","10.0.2.23","10.0.2.1","UDP","58","Source port: 55156  Destination port: 9930"
"159","1403525379.614626","10.0.2.23","10.0.2.1","UDP","58","Source port: 55156  Destination port: 9930"
"160","1403525379.620168","10.0.2.23","10.0.2.1","UDP","58","Source port: 55156  Destination port: 9930"
"161","1403525379.625606","10.0.2.23","10.0.2.1","UDP","58","Source port: 55156  Destination port: 9930"
"162","1403525379.631053","10.0.2.23","10.0.2.1","UDP","58","Source port: 55156  Destination port: 9930"
"163","1403525379.636494","10.0.2.23","10.0.2.1","UDP","58","Source port: 55156  Destination port: 9930"
"164","1403525379.641911","10.0.2.23","10.0.2.1","UDP","58","Source port: 55156  Destination port: 9930"
"165","1403525379.647355","10.0.2.23","10.0.2.1","UDP","58","Source port: 55156  Destination port: 9930"
"166","1403525379.652782","10.0.2.23","10.0.2.1","UDP","58","Source port: 55156  Destination port: 9930"
"167","1403525379.658447","10.0.2.23","10.0.2.1","UDP","58","Source port: 55156  Destination port: 9930"
"168","1403525379.663897","10.0.2.23","10.0.2.1","UDP","58","Source port: 55156  Destination port: 9930"
"169","1403525379.669395","10.0.2.23","10.0.2.1","UDP","58","Source port: 55156  Destination port: 9930"
"170","1403525379.674861","10.0.2.23","10.0.2.1","UDP","58","Source port: 55156  Destination port: 9930"
"171","1403525379.680357","10.0.2.23","10.0.2.1","UDP","58","Source port: 55156  Destination port: 9930"
"172","1403525379.685784","10.0.2.23","10.0.2.1","UDP","58","Source port: 55156  Destination port: 9930"
"173","1403525379.691273","10.0.2.23","10.0.2.1","UDP","58","Source port: 55156  Destination port: 9930"
"174","1403525379.696714","10.0.2.23","10.0.2.1","UDP","58","Source port: 55156  Destination port: 9930"
"175","1403525379.702190","10.0.2.23","10.0.2.1","UDP","58","Source port: 55156  Destination port: 9930"
"176","1403525379.707669","10.0.2.23","10.0.2.1","UDP","58","Source port: 55156  Destination port: 9930"
"177","1403525379.713152","10.0.2.23","10.0.2.1","UDP","58","Source port: 55156  Destination port: 9930"
"178","1403525379.718555","10.0.2.23","10.0.2.1","UDP","58","Source port: 55156  Destination port: 9930"
"179","1403525379.724149","10.0.2.23","10.0.2.1","UDP","58","Source port: 55156  Destination port: 9930"
"180","1403525379.729569","10.0.2.23","10.0.2.1","UDP","58","Source port: 55156  Destination port: 9930"
"181","1403525379.735063","10.0.2.23","10.0.2.1","UDP","58","Source port: 55156  Destination port: 9930"
"182","1403525379.740516","10.0.2.23","10.0.2.1","UDP","58","Source port: 55156  Destination port: 9930"
"183","1403525379.745937","10.0.2.23","10.0.2.1","UDP","58","Source port: 55156  Destination port: 9930"
"184","1403525379.751384","10.0.2.23","10.0.2.1","UDP","58","Source port: 55156  Destination port: 9930"
"185","1403525379.756802","10.0.2.23","10.0.2.1","UDP","58","Source port: 55156  Destination port: 9930"
"186","1403525379.762247","10.0.2.23","10.0.2.1","UDP","58","Source port: 55156  Destination port: 9930"
"187","1403525379.767655","10.0.2.23","10.0.2.1","UDP","58","Source port: 55156  Destination port: 9930"
"188","1403525379.773148","10.0.2.23","10.0.2.1","UDP","58","Source port: 55156  Destination port: 9930"
"189","1403525379.778550","10.0.2.23","10.0.2.1","UDP","58","Source port: 55156  Destination port: 9930"
"190","1403525379.784209","10.0.2.23","10.0.2.1","UDP","58","Source port: 55156  Destination port: 9930"
"191","1403525379.789707","10.0.2.23","10.0.2.1","UDP","58","Source port: 55156  Destination port: 9930"
"192","1403525379.795204","10.0.2.23","10.0.2.1","UDP","58","Source port: 55156  Destination port: 9930"
"193","1403525379.800687","10.0.2.23","10.0.2.1","UDP","58","Source port: 55156  Destination port: 9930"
"194","1403525379.806127","10.0.2.23","10.0.2.1","UDP","58","Source port: 55156  Destination port: 9930"
"195","1403525379.811542","10.0.2.23","10.0.2.1","UDP","58","Source port: 55156  Destination port: 9930"
"196","1403525379.816989","10.0.2.23","10.0.2.1","UDP","58","Source port: 55156  Destination port: 9930"
"197","1403525379.822409","10.0.2.23","10.0.2.1","UDP","58","Source port: 55156  Destination port: 9930"
"198","1403525379.827859","10.0.2.23","10.0.2.1","UDP","58","Source port: 55156  Destination port: 9930"
"199","1403525379.833286","10.0.2.23","10.0.2.1","UDP","58","Source port: 55156  Destination port: 9930"
"200","1403525379.838830","10.0.2.23","10.0.2.1","UDP","58","Source port: 55156  Destination port: 9930"
"201","1403525379.852663","10.0.2.23","10.0.2.1","UDP","58","Source port: 36284  Destination port: 9930"
"202","1403525379.861262","10.0.2.23","10.0.2.1","UDP","58","Source port: 36284  Destination port: 9930"
"203","1403525379.869712","10.0.2.23","10.0.2.1","UDP","58","Source port: 36284  Destination port: 9930"
"204","1403525379.878196","10.0.2.23","10.0.2.1","UDP","58","Source port: 36284  Destination port: 9930"
"205","1403525379.886669","10.0.2.23","10.0.2.1","UDP","58","Source port: 36284  Destination port: 9930"
"206","1403525379.895167","10.0.2.23","10.0.2.1","UDP","58","Source port: 36284  Destination port: 9930"
"207","1403525379.903668","10.0.2.23","10.0.2.1","UDP","58","Source port: 36284  Destination port: 9930"
"208","1403525379.912077","10.0.2.23","10.0.2.1","UDP","58","Source port: 36284  Destination port: 9930"
"209","1403525379.920515","10.0.2.23","10.0.2.1","UDP","58","Source port: 36284  Destination port: 9930"
"210","1403525379.928932","10.0.2.23","10.0.2.1","UDP","58","Source port: 36284  Destination port: 9930"
"211","1403525379.937425","10.0.2.23","10.0.2.1","UDP","58","Source port: 36284  Destination port: 9930"
"212","1403525379.945879","10.0.2.23","10.0.2.1","UDP","58","Source port: 36284  Destination port: 9930"
"213","1403525379.954293","10.0.2.23","10.0.2.1","UDP","58","Source port: 36284  Destination port: 9930"
"214","1403525379.962849","10.0.2.23","10.0.2.1","UDP","58","Source port: 36284  Destination port: 9930"
"215","1403525379.971295","10.0.2.23","10.0.2.1","UDP","58","Source port: 36284  Destination port: 9930"
"216","1403525379.979795","10.0.2.23","10.0.2.1","UDP","58","Source port: 36284  Destination port: 9930"
"217","1403525379.988279","10.0.2.23","10.0.2.1","UDP","58","Source port: 36284  Destination port: 9930"
"218","1403525379.996722","10.0.2.23","10.0.2.1","UDP","58","Source port: 36284  Destination port: 9930"
"219","1403525380.005174","10.0.2.23","10.0.2.1","UDP","58","Source port: 36284  Destination port: 9930"
"220","1403525380.013664","10.0.2.23","10.0.2.1","UDP","58","Source port: 36284  Destination port: 9930"
"221","1403525380.022073","10.0.2.23","10.0.2.1","UDP","58","Source port: 36284  Destination port: 9930"
"222","1403525380.030550","10.0.2.23","10.0.2.1","UDP","58","Source port: 36284  Destination port: 9930"
"223","1403525380.039108","10.0.2.23","10.0.2.1","UDP","58","Source port: 36284  Destination port: 9930"
"224","1403525380.047376","10.0.2.23","10.0.2.1","UDP","58","Source port: 36284  Destination port: 9930"
"225","1403525380.055633","10.0.2.23","10.0.2.1","UDP","58","Source port: 36284  Destination port: 9930"
"226","1403525380.063882","10.0.2.23","10.0.2.1","UDP","58","Source port: 36284  Destination port: 9930"
"227","1403525380.072133","10.0.2.23","10.0.2.1","UDP","58","Source port: 36284  Destination port: 9930"
"228","1403525380.080396","10.0.2.23","10.0.2.1","UDP","58","Source port: 36284  Destination port: 9930"
"229","1403525380.088642","10.0.2.23","10.0.2.1","UDP","58","Source port: 36284  Destination port: 9930"
"230","1403525380.096890","10.0.2.23","10.0.2.1","UDP","58","Source port: 36284  Destination port: 9930"
"231","1403525380.105158","10.0.2.23","10.0.2.1","UDP","58","Source port: 36284  Destination port: 9930"
"232","1403525380.113404","10.0.2.23","10.0.2.1","UDP","58","Source port: 36284  Destination port: 9930"
"233","1403525380.121650","10.0.2.23","10.0.2.1","UDP","58","Source port: 36284  Destination port: 9930"
"234","1403525380.129894","10.0.2.23","10.0.2.1","UDP","58","Source port: 36284  Destination port: 9930"
"235","1403525380.138264","10.0.2.23","10.0.2.1","UDP","58","Source port: 36284  Destination port: 9930"
"236","1403525380.146778","10.0.2.23","10.0.2.1","UDP","58","Source port: 36284  Destination port: 9930"
"237","1403525380.155189","10.0.2.23","10.0.2.1","UDP","58","Source port: 36284  Destination port: 9930"
"238","1403525380.163597","10.0.2.23","10.0.2.1","UDP","58","Source port: 36284  Destination port: 9930"
"239","1403525380.172006","10.0.2.23","10.0.2.1","UDP","58","Source port: 36284  Destination port: 9930"
"240","1403525380.180402","10.0.2.23","10.0.2.1","UDP","58","Source port: 36284  Destination port: 9930"
"241","1403525380.188786","10.0.2.23","10.0.2.1","UDP","58","Source port: 36284  Destination port: 9930"
"242","1403525380.197187","10.0.2.23","10.0.2.1","UDP","58","Source port: 36284  Destination port: 9930"
"243","1403525380.205571","10.0.2.23","10.0.2.1","UDP","58","Source port: 36284  Destination port: 9930"
"244","1403525380.213960","10.0.2.23","10.0.2.1","UDP","58","Source port: 36284  Destination port: 9930"
"245","1403525380.222341","10.0.2.23","10.0.2.1","UDP","58","Source port: 36284  Destination port: 9930"
"246","1403525380.230821","10.0.2.23","10.0.2.1","UDP","58","Source port: 36284  Destination port: 9930"
"247","1403525380.239224","10.0.2.23","10.0.2.1","UDP","58","Source port: 36284  Destination port: 9930"
"248","1403525380.247620","10.0.2.23","10.0.2.1","UDP","58","Source port: 36284  Destination port: 9930"
"249","1403525380.256026","10.0.2.23","10.0.2.1","UDP","58","Source port: 36284  Destination port: 9930"
"250","1403525380.264423","10.0.2.23","10.0.2.1","UDP","58","Source port: 36284  Destination port: 9930"
"251","1403525380.279939","10.0.2.23","10.0.2.1","UDP","58","Source port: 43448  Destination port: 9930"
"252","1403525380.290560","10.0.2.23","10.0.2.1","UDP","58","Source port: 43448  Destination port: 9930"
"253","1403525380.301211","10.0.2.23","10.0.2.1","UDP","58","Source port: 43448  Destination port: 9930"
"254","1403525380.311653","10.0.2.23","10.0.2.1","UDP","58","Source port: 43448  Destination port: 9930"
"255","1403525380.322123","10.0.2.23","10.0.2.1","UDP","58","Source port: 43448  Destination port: 9930"
"256","1403525380.332576","10.0.2.23","10.0.2.1","UDP","58","Source port: 43448  Destination port: 9930"
"257","1403525380.343071","10.0.2.23","10.0.2.1","UDP","58","Source port: 43448  Destination port: 9930"
"258","1403525380.353567","10.0.2.23","10.0.2.1","UDP","58","Source port: 43448  Destination port: 9930"
"259","1403525380.364014","10.0.2.23","10.0.2.1","UDP","58","Source port: 43448  Destination port: 9930"
"260","1403525380.374432","10.0.2.23","10.0.2.1","UDP","58","Source port: 43448  Destination port: 9930"
"261","1403525380.384921","10.0.2.23","10.0.2.1","UDP","58","Source port: 43448  Destination port: 9930"
"262","1403525380.395312","10.0.2.23","10.0.2.1","UDP","58","Source port: 43448  Destination port: 9930"
"263","1403525380.405760","10.0.2.23","10.0.2.1","UDP","58","Source port: 43448  Destination port: 9930"
"264","1403525380.416170","10.0.2.23","10.0.2.1","UDP","58","Source port: 43448  Destination port: 9930"
"265","1403525380.426585","10.0.2.23","10.0.2.1","UDP","58","Source port: 43448  Destination port: 9930"
"266","1403525380.437206","10.0.2.23","10.0.2.1","UDP","58","Source port: 43448  Destination port: 9930"
"267","1403525380.447671","10.0.2.23","10.0.2.1","UDP","58","Source port: 43448  Destination port: 9930"
"268","1403525380.458086","10.0.2.23","10.0.2.1","UDP","58","Source port: 43448  Destination port: 9930"
"269","1403525380.468542","10.0.2.23","10.0.2.1","UDP","58","Source port: 43448  Destination port: 9930"
"270","1403525380.478936","10.0.2.23","10.0.2.1","UDP","58","Source port: 43448  Destination port: 9930"
"271","1403525380.489340","10.0.2.23","10.0.2.1","UDP","58","Source port: 43448  Destination port: 9930"
"272","1403525380.499787","10.0.2.23","10.0.2.1","UDP","58","Source port: 43448  Destination port: 9930"
"273","1403525380.510182","10.0.2.23","10.0.2.1","UDP","58","Source port: 43448  Destination port: 9930"
"274","1403525380.520551","10.0.2.23","10.0.2.1","UDP","58","Source port: 43448  Destination port: 9930"
"275","1403525380.530943","10.0.2.23","10.0.2.1","UDP","58","Source port: 43448  Destination port: 9930"
"276","1403525380.541398","10.0.2.23","10.0.2.1","UDP","58","Source port: 43448  Destination port: 9930"
"277","1403525380.551838","10.0.2.23","10.0.2.1","UDP","58","Source port: 43448  Destination port: 9930"
"278","1403525380.562383","10.0.2.23","10.0.2.1","UDP","58","Source port: 43448  Destination port: 9930"
"279","1403525380.572856","10.0.2.23","10.0.2.1","UDP","58","Source port: 43448  Destination port: 9930"
"280","1403525380.583271","10.0.2.23","10.0.2.1","UDP","58","Source port: 43448  Destination port: 9930"
"281","1403525380.593673","10.0.2.23","10.0.2.1","UDP","58","Source port: 43448  Destination port: 9930"
"282","1403525380.604123","10.0.2.23","10.0.2.1","UDP","58","Source port: 43448  Destination port: 9930"
"283","1403525380.614576","10.0.2.23","10.0.2.1","UDP","58","Source port: 43448  Destination port: 9930"
"284","1403525380.625111","10.0.2.23","10.0.2.1","UDP","58","Source port: 43448  Destination port: 9930"
"285","1403525380.635506","10.0.2.23","10.0.2.1","UDP","58","Source port: 43448  Destination port: 9930"
"286","1403525380.645912","10.0.2.23","10.0.2.1","UDP","58","Source port: 43448  Destination port: 9930"
"287","1403525380.656349","10.0.2.23","10.0.2.1","UDP","58","Source port: 43448  Destination port: 9930"
"288","1403525380.666851","10.0.2.23","10.0.2.1","UDP","58","Source port: 43448  Destination port: 9930"
"289","1403525380.677291","10.0.2.23","10.0.2.1","UDP","58","Source port: 43448  Destination port: 9930"
"290","1403525380.687677","10.0.2.23","10.0.2.1","UDP","58","Source port: 43448  Destination port: 9930"
"291","1403525380.698085","10.0.2.23","10.0.2.1","UDP","58","Source port: 43448  Destination port: 9930"
"292","1403525380.708517","10.0.2.23","10.0.2.1","UDP","58","Source port: 43448  Destination port: 9930"
"293","1403525380.718948","10.0.2.23","10.0.2.1","UDP","58","Source port: 43448  Destination port: 9930"
"294","1403525380.729347","10.0.2.23","10.0.2.1","UDP","58","Source port: 43448  Destination port: 9930"
"295","1403525380.739774","10.0.2.23","10.0.2.1","UDP","58","Source port: 43448  Destination port: 9930"
"296","1403525380.750175","10.0.2.23","10.0.2.1","UDP","58","Source port: 43448  Destination port: 9930"
"297","1403525380.760555","10.0.2.23","10.0.2.1","UDP","58","Source port: 43448  Destination port: 9930"
"298","1403525380.770954","10.0.2.23","10.0.2.1","UDP","58","Source port: 43448  Destination port: 9930"
"299","1403525380.781411","10.0.2.23","10.0.2.1","UDP","58","Source port: 43448  Destination port: 9930"
"300","1403525380.791870","10.0.2.23","10.0.2.1","UDP","58","Source port: 43448  Destination port: 9930"
"301","1403525380.847558","10.0.2.23","10.0.2.1","UDP","58","Source port: 60740  Destination port: 9930"
"302","1403525380.898102","10.0.2.23","10.0.2.1","UDP","58","Source port: 60740  Destination port: 9930"
"303","1403525380.948572","10.0.2.23","10.0.2.1","UDP","58","Source port: 60740  Destination port: 9930"
"304","1403525380.999072","10.0.2.23","10.0.2.1","UDP","58","Source port: 60740  Destination port: 9930"
"305","1403525381.049571","10.0.2.23","10.0.2.1","UDP","58","Source port: 60740  Destination port: 9930"
"306","1403525381.100040","10.0.2.23","10.0.2.1","UDP","58","Source port: 60740  Destination port: 9930"
"307","1403525381.150502","10.0.2.23","10.0.2.1","UDP","58","Source port: 60740  Destination port: 9930"
"308","1403525381.201150","10.0.2.23","10.0.2.1","UDP","58","Source port: 60740  Destination port: 9930"
"309","1403525381.251647","10.0.2.23","10.0.2.1","UDP","58","Source port: 60740  Destination port: 9930"
"310","1403525381.302145","10.0.2.23","10.0.2.1","UDP","58","Source port: 60740  Destination port: 9930"
"311","1403525381.352640","10.0.2.23","10.0.2.1","UDP","58","Source port: 60740  Destination port: 9930"
"312","1403525381.403142","10.0.2.23","10.0.2.1","UDP","58","Source port: 60740  Destination port: 9930"
"313","1403525381.453639","10.0.2.23","10.0.2.1","UDP","58","Source port: 60740  Destination port: 9930"
"314","1403525381.504132","10.0.2.23","10.0.2.1","UDP","58","Source port: 60740  Destination port: 9930"
"315","1403525381.554622","10.0.2.23","10.0.2.1","UDP","58","Source port: 60740  Destination port: 9930"
"316","1403525381.605189","10.0.2.23","10.0.2.1","UDP","58","Source port: 60740  Destination port: 9930"
"317","1403525381.655617","10.0.2.23","10.0.2.1","UDP","58","Source port: 60740  Destination port: 9930"
"318","1403525381.706075","10.0.2.23","10.0.2.1","UDP","58","Source port: 60740  Destination port: 9930"
"319","1403525381.756549","10.0.2.23","10.0.2.1","UDP","58","Source port: 60740  Destination port: 9930"
"320","1403525381.807014","10.0.2.23","10.0.2.1","UDP","58","Source port: 60740  Destination port: 9930"
"321","1403525381.857506","10.0.2.23","10.0.2.1","UDP","58","Source port: 60740  Destination port: 9930"
"322","1403525381.907997","10.0.2.23","10.0.2.1","UDP","58","Source port: 60740  Destination port: 9930"
"323","1403525381.958488","10.0.2.23","10.0.2.1","UDP","58","Source port: 60740  Destination port: 9930"
"324","1403525382.008987","10.0.2.23","10.0.2.1","UDP","58","Source port: 60740  Destination port: 9930"
"325","1403525382.059496","10.0.2.23","10.0.2.1","UDP","58","Source port: 60740  Destination port: 9930"
"326","1403525382.110014","10.0.2.23","10.0.2.1","UDP","58","Source port: 60740  Destination port: 9930"
"327","1403525382.160477","10.0.2.23","10.0.2.1","UDP","58","Source port: 60740  Destination port: 9930"
"328","1403525382.210987","10.0.2.23","10.0.2.1","UDP","58","Source port: 60740  Destination port: 9930"
"329","1403525382.261491","10.0.2.23","10.0.2.1","UDP","58","Source port: 60740  Destination port: 9930"
"330","1403525382.311993","10.0.2.23","10.0.2.1","UDP","58","Source port: 60740  Destination port: 9930"
"331","1403525382.362492","10.0.2.23","10.0.2.1","UDP","58","Source port: 60740  Destination port: 9930"
"332","1403525382.412955","10.0.2.23","10.0.2.1","UDP","58","Source port: 60740  Destination port: 9930"
"333","1403525382.463634","10.0.2.23","10.0.2.1","UDP","58","Source port: 60740  Destination port: 9930"
"334","1403525382.514152","10.0.2.23","10.0.2.1","UDP","58","Source port: 60740  Destination port: 9930"
"335","1403525382.564653","10.0.2.23","10.0.2.1","UDP","58","Source port: 60740  Destination port: 9930"
"336","1403525382.615161","10.0.2.23","10.0.2.1","UDP","58","Source port: 60740  Destination port: 9930"
"337","1403525382.665664","10.0.2.23","10.0.2.1","UDP","58","Source port: 60740  Destination port: 9930"
"338","1403525382.716159","10.0.2.23","10.0.2.1","UDP","58","Source port: 60740  Destination port: 9930"
"339","1403525382.766652","10.0.2.23","10.0.2.1","UDP","58","Source port: 60740  Destination port: 9930"
"340","1403525382.817248","10.0.2.23","10.0.2.1","UDP","58","Source port: 60740  Destination port: 9930"
"341","1403525382.867719","10.0.2.23","10.0.2.1","UDP","58","Source port: 60740  Destination port: 9930"
"342","1403525382.918187","10.0.2.23","10.0.2.1","UDP","58","Source port: 60740  Destination port: 9930"
"343","1403525382.968682","10.0.2.23","10.0.2.1","UDP","58","Source port: 60740  Destination port: 9930"
"344","1403525383.019187","10.0.2.23","10.0.2.1","UDP","58","Source port: 60740  Destination port: 9930"
"345","1403525383.069684","10.0.2.23","10.0.2.1","UDP","58","Source port: 60740  Destination port: 9930"
"346","1403525383.120175","10.0.2.23","10.0.2.1","UDP","58","Source port: 60740  Destination port: 9930"
"347","1403525383.170660","10.0.2.23","10.0.2.1","UDP","58","Source port: 60740  Destination port: 9930"
"348","1403525383.221259","10.0.2.23","10.0.2.1","UDP","58","Source port: 60740  Destination port: 9930"
"349","1403525383.271712","10.0.2.23","10.0.2.1","UDP","58","Source port: 60740  Destination port: 9930"
"350","1403525383.322210","10.0.2.23","10.0.2.1","UDP","58","Source port: 60740  Destination port: 9930"
"351","1403525383.408206","10.0.2.23","10.0.2.1","UDP","58","Source port: 59008  Destination port: 9930"
"352","1403525383.488716","10.0.2.23","10.0.2.1","UDP","58","Source port: 59008  Destination port: 9930"
"353","1403525383.569209","10.0.2.23","10.0.2.1","UDP","58","Source port: 59008  Destination port: 9930"
"354","1403525383.649720","10.0.2.23","10.0.2.1","UDP","58","Source port: 59008  Destination port: 9930"
"355","1403525383.730227","10.0.2.23","10.0.2.1","UDP","58","Source port: 59008  Destination port: 9930"
"356","1403525383.810768","10.0.2.23","10.0.2.1","UDP","58","Source port: 59008  Destination port: 9930"
"357","1403525383.891252","10.0.2.23","10.0.2.1","UDP","58","Source port: 59008  Destination port: 9930"
"358","1403525383.971725","10.0.2.23","10.0.2.1","UDP","58","Source port: 59008  Destination port: 9930"
"359","1403525384.052229","10.0.2.23","10.0.2.1","UDP","58","Source port: 59008  Destination port: 9930"
"360","1403525384.132727","10.0.2.23","10.0.2.1","UDP","58","Source port: 59008  Destination port: 9930"
"361","1403525384.213233","10.0.2.23","10.0.2.1","UDP","58","Source port: 59008  Destination port: 9930"
"362","1403525384.293730","10.0.2.23","10.0.2.1","UDP","58","Source port: 59008  Destination port: 9930"
"363","1403525384.374226","10.0.2.23","10.0.2.1","UDP","58","Source port: 59008  Destination port: 9930"
"364","1403525384.454750","10.0.2.23","10.0.2.1","UDP","58","Source port: 59008  Destination port: 9930"
"365","1403525384.535305","10.0.2.23","10.0.2.1","UDP","58","Source port: 59008  Destination port: 9930"
"366","1403525384.615787","10.0.2.23","10.0.2.1","UDP","58","Source port: 59008  Destination port: 9930"
"367","1403525384.696265","10.0.2.23","10.0.2.1","UDP","58","Source port: 59008  Destination port: 9930"
"368","1403525384.776730","10.0.2.23","10.0.2.1","UDP","58","Source port: 59008  Destination port: 9930"
"369","1403525384.857264","10.0.2.23","10.0.2.1","UDP","58","Source port: 59008  Destination port: 9930"
"370","1403525384.937759","10.0.2.23","10.0.2.1","UDP","58","Source port: 59008  Destination port: 9930"
"371","1403525385.018268","10.0.2.23","10.0.2.1","UDP","58","Source port: 59008  Destination port: 9930"
"372","1403525385.098827","10.0.2.23","10.0.2.1","UDP","58","Source port: 59008  Destination port: 9930"
"373","1403525385.179297","10.0.2.23","10.0.2.1","UDP","58","Source port: 59008  Destination port: 9930"
"374","1403525385.259764","10.0.2.23","10.0.2.1","UDP","58","Source port: 59008  Destination port: 9930"
"375","1403525385.340266","10.0.2.23","10.0.2.1","UDP","58","Source port: 59008  Destination port: 9930"
"376","1403525385.420774","10.0.2.23","10.0.2.1","UDP","58","Source port: 59008  Destination port: 9930"
"377","1403525385.501274","10.0.2.23","10.0.2.1","UDP","58","Source port: 59008  Destination port: 9930"
"378","1403525385.581786","10.0.2.23","10.0.2.1","UDP","58","Source port: 59008  Destination port: 9930"
"379","1403525385.662296","10.0.2.23","10.0.2.1","UDP","58","Source port: 59008  Destination port: 9930"
"380","1403525385.742820","10.0.2.23","10.0.2.1","UDP","58","Source port: 59008  Destination port: 9930"
"381","1403525385.823284","10.0.2.23","10.0.2.1","UDP","58","Source port: 59008  Destination port: 9930"
"382","1403525385.903790","10.0.2.23","10.0.2.1","UDP","58","Source port: 59008  Destination port: 9930"
"383","1403525385.984289","10.0.2.23","10.0.2.1","UDP","58","Source port: 59008  Destination port: 9930"
"384","1403525386.064750","10.0.2.23","10.0.2.1","UDP","58","Source port: 59008  Destination port: 9930"
"385","1403525386.145255","10.0.2.23","10.0.2.1","UDP","58","Source port: 59008  Destination port: 9930"
"386","1403525386.225762","10.0.2.23","10.0.2.1","UDP","58","Source port: 59008  Destination port: 9930"
"387","1403525386.306256","10.0.2.23","10.0.2.1","UDP","58","Source port: 59008  Destination port: 9930"
"388","1403525386.386832","10.0.2.23","10.0.2.1","UDP","58","Source port: 59008  Destination port: 9930"
"389","1403525386.467291","10.0.2.23","10.0.2.1","UDP","58","Source port: 59008  Destination port: 9930"
"390","1403525386.547807","10.0.2.23","10.0.2.1","UDP","58","Source port: 59008  Destination port: 9930"
"391","1403525386.628319","10.0.2.23","10.0.2.1","UDP","58","Source port: 59008  Destination port: 9930"
"392","1403525386.708825","10.0.2.23","10.0.2.1","UDP","58","Source port: 59008  Destination port: 9930"
"393","1403525386.789326","10.0.2.23","10.0.2.1","UDP","58","Source port: 59008  Destination port: 9930"
"394","1403525386.869834","10.0.2.23","10.0.2.1","UDP","58","Source port: 59008  Destination port: 9930"
"395","1403525386.950333","10.0.2.23","10.0.2.1","UDP","58","Source port: 59008  Destination port: 9930"
"396","1403525387.030878","10.0.2.23","10.0.2.1","UDP","58","Source port: 59008  Destination port: 9930"
"397","1403525387.111349","10.0.2.23","10.0.2.1","UDP","58","Source port: 59008  Destination port: 9930"
"398","1403525387.191816","10.0.2.23","10.0.2.1","UDP","58","Source port: 59008  Destination port: 9930"
"399","1403525387.272315","10.0.2.23","10.0.2.1","UDP","58","Source port: 59008  Destination port: 9930"
"400","1403525387.352776","10.0.2.23","10.0.2.1","UDP","58","Source port: 59008  Destination port: 9930"
"401","1403525387.458549","10.0.2.23","10.0.2.1","UDP","58","Source port: 45213  Destination port: 9930"
"402","1403525387.559246","10.0.2.23","10.0.2.1","UDP","58","Source port: 45213  Destination port: 9930"
"403","1403525387.659733","10.0.2.23","10.0.2.1","UDP","58","Source port: 45213  Destination port: 9930"
"404","1403525387.760249","10.0.2.23","10.0.2.1","UDP","58","Source port: 45213  Destination port: 9930"
"405","1403525387.860720","10.0.2.23","10.0.2.1","UDP","58","Source port: 45213  Destination port: 9930"
"406","1403525387.961223","10.0.2.23","10.0.2.1","UDP","58","Source port: 45213  Destination port: 9930"
"407","1403525388.061722","10.0.2.23","10.0.2.1","UDP","58","Source port: 45213  Destination port: 9930"
"408","1403525388.162209","10.0.2.23","10.0.2.1","UDP","58","Source port: 45213  Destination port: 9930"
"409","1403525388.262708","10.0.2.23","10.0.2.1","UDP","58","Source port: 45213  Destination port: 9930"
"410","1403525388.363306","10.0.2.23","10.0.2.1","UDP","58","Source port: 45213  Destination port: 9930"
"411","1403525388.463770","10.0.2.23","10.0.2.1","UDP","58","Source port: 45213  Destination port: 9930"
"412","1403525388.564228","10.0.2.23","10.0.2.1","UDP","58","Source port: 45213  Destination port: 9930"
"413","1403525388.664734","10.0.2.23","10.0.2.1","UDP","58","Source port: 45213  Destination port: 9930"
"414","1403525388.765245","10.0.2.23","10.0.2.1","UDP","58","Source port: 45213  Destination port: 9930"
"415","1403525388.865744","10.0.2.23","10.0.2.1","UDP","58","Source port: 45213  Destination port: 9930"
"416","1403525388.966254","10.0.2.23","10.0.2.1","UDP","58","Source port: 45213  Destination port: 9930"
"417","1403525389.066833","10.0.2.23","10.0.2.1","UDP","58","Source port: 45213  Destination port: 9930"
"418","1403525389.167267","10.0.2.23","10.0.2.1","UDP","58","Source port: 45213  Destination port: 9930"
"419","1403525389.267770","10.0.2.23","10.0.2.1","UDP","58","Source port: 45213  Destination port: 9930"
"420","1403525389.368270","10.0.2.23","10.0.2.1","UDP","58","Source port: 45213  Destination port: 9930"
"421","1403525389.468759","10.0.2.23","10.0.2.1","UDP","58","Source port: 45213  Destination port: 9930"
"422","1403525389.569269","10.0.2.23","10.0.2.1","UDP","58","Source port: 45213  Destination port: 9930"
"423","1403525389.669782","10.0.2.23","10.0.2.1","UDP","58","Source port: 45213  Destination port: 9930"
"424","1403525389.770282","10.0.2.23","10.0.2.1","UDP","58","Source port: 45213  Destination port: 9930"
"425","1403525389.870837","10.0.2.23","10.0.2.1","UDP","58","Source port: 45213  Destination port: 9930"
"426","1403525389.971268","10.0.2.23","10.0.2.1","UDP","58","Source port: 45213  Destination port: 9930"
"427","1403525390.071785","10.0.2.23","10.0.2.1","UDP","58","Source port: 45213  Destination port: 9930"
"428","1403525390.172297","10.0.2.23","10.0.2.1","UDP","58","Source port: 45213  Destination port: 9930"
"429","1403525390.272810","10.0.2.23","10.0.2.1","UDP","58","Source port: 45213  Destination port: 9930"
"430","1403525390.373311","10.0.2.23","10.0.2.1","UDP","58","Source port: 45213  Destination port: 9930"
"431","1403525390.473816","10.0.2.23","10.0.2.1","UDP","58","Source port: 45213  Destination port: 9930"
"432","1403525390.574322","10.0.2.23","10.0.2.1","UDP","58","Source port: 45213  Destination port: 9930"
"433","1403525390.674862","10.0.2.23","10.0.2.1","UDP","58","Source port: 45213  Destination port: 9930"
"434","1403525390.775358","10.0.2.23","10.0.2.1","UDP","58","Source port: 45213  Destination port: 9930"
"435","1403525390.875840","10.0.2.23","10.0.2.1","UDP","58","Source port: 45213  Destination port: 9930"
"436","1403525390.976339","10.0.2.23","10.0.2.1","UDP","58","Source port: 45213  Destination port: 9930"
"437","1403525391.076838","10.0.2.23","10.0.2.1","UDP","58","Source port: 45213  Destination port: 9930"
"438","1403525391.177341","10.0.2.23","10.0.2.1","UDP","58","Source port: 45213  Destination port: 9930"
"439","1403525391.277844","10.0.2.23","10.0.2.1","UDP","58","Source port: 45213  Destination port: 9930"
"440","1403525391.378341","10.0.2.23","10.0.2.1","UDP","58","Source port: 45213  Destination port: 9930"
"441","1403525391.478903","10.0.2.23","10.0.2.1","UDP","58","Source port: 45213  Destination port: 9930"
"442","1403525391.579371","10.0.2.23","10.0.2.1","UDP","58","Source port: 45213  Destination port: 9930"
"443","1403525391.679856","10.0.2.23","10.0.2.1","UDP","58","Source port: 45213  Destination port: 9930"
"444","1403525391.780579","10.0.2.23","10.0.2.1","UDP","58","Source port: 45213  Destination port: 9930"
"445","1403525391.881110","10.0.2.23","10.0.2.1","UDP","58","Source port: 45213  Destination port: 9930"
"446","1403525391.981629","10.0.2.23","10.0.2.1","UDP","58","Source port: 45213  Destination port: 9930"
"447","1403525392.082177","10.0.2.23","10.0.2.1","UDP","58","Source port: 45213  Destination port: 9930"
"448","1403525392.182815","10.0.2.23","10.0.2.1","UDP","58","Source port: 45213  Destination port: 9930"
"449","1403525392.283322","10.0.2.23","10.0.2.1","UDP","58","Source port: 45213  Destination port: 9930"
"450","1403525392.383792","10.0.2.23","10.0.2.1","UDP","58","Source port: 45213  Destination port: 9930"
"451","1403525392.889729","10.0.2.23","10.0.2.1","UDP","58","Source port: 47620  Destination port: 9930"
"452","1403525393.390268","10.0.2.23","10.0.2.1","UDP","58","Source port: 47620  Destination port: 9930"
"453","1403525393.890856","10.0.2.23","10.0.2.1","UDP","58","Source port: 47620  Destination port: 9930"
"454","1403525394.391356","10.0.2.23","10.0.2.1","UDP","58","Source port: 47620  Destination port: 9930"
"455","1403525394.891851","10.0.2.23","10.0.2.1","UDP","58","Source port: 47620  Destination port: 9930"
"456","1403525395.392340","10.0.2.23","10.0.2.1","UDP","58","Source port: 47620  Destination port: 9930"
"457","1403525395.892867","10.0.2.23","10.0.2.1","UDP","58","Source port: 47620  Destination port: 9930"
"458","1403525396.393373","10.0.2.23","10.0.2.1","UDP","58","Source port: 47620  Destination port: 9930"
"459","1403525396.893893","10.0.2.23","10.0.2.1","UDP","58","Source port: 47620  Destination port: 9930"
"460","1403525397.394417","10.0.2.23","10.0.2.1","UDP","58","Source port: 47620  Destination port: 9930"
"461","1403525397.894945","10.0.2.23","10.0.2.1","UDP","58","Source port: 47620  Destination port: 9930"
"462","1403525398.395458","10.0.2.23","10.0.2.1","UDP","58","Source port: 47620  Destination port: 9930"
"463","1403525398.895973","10.0.2.23","10.0.2.1","UDP","58","Source port: 47620  Destination port: 9930"
"464","1403525399.396488","10.0.2.23","10.0.2.1","UDP","58","Source port: 47620  Destination port: 9930"
"465","1403525399.897000","10.0.2.23","10.0.2.1","UDP","58","Source port: 47620  Destination port: 9930"
"466","1403525400.397518","10.0.2.23","10.0.2.1","UDP","58","Source port: 47620  Destination port: 9930"
"467","1403525400.898033","10.0.2.23","10.0.2.1","UDP","58","Source port: 47620  Destination port: 9930"
"468","1403525401.398573","10.0.2.23","10.0.2.1","UDP","58","Source port: 47620  Destination port: 9930"
"469","1403525401.899128","10.0.2.23","10.0.2.1","UDP","58","Source port: 47620  Destination port: 9930"
"470","1403525402.399434","10.0.2.23","10.0.2.1","UDP","58","Source port: 47620  Destination port: 9930"
"471","1403525402.899747","10.0.2.23","10.0.2.1","UDP","58","Source port: 47620  Destination port: 9930"
"472","1403525403.400043","10.0.2.23","10.0.2.1","UDP","58","Source port: 47620  Destination port: 9930"
"473","1403525403.900334","10.0.2.23","10.0.2.1","UDP","58","Source port: 47620  Destination port: 9930"
"474","1403525404.400621","10.0.2.23","10.0.2.1","UDP","58","Source port: 47620  Destination port: 9930"
"475","1403525404.900911","10.0.2.23","10.0.2.1","UDP","58","Source port: 47620  Destination port: 9930"
"476","1403525405.401187","10.0.2.23","10.0.2.1","UDP","58","Source port: 47620  Destination port: 9930"
"477","1403525405.901467","10.0.2.23","10.0.2.1","UDP","58","Source port: 47620  Destination port: 9930"
"478","1403525406.401745","10.0.2.23","10.0.2.1","UDP","58","Source port: 47620  Destination port: 9930"
"479","1403525406.902033","10.0.2.23","10.0.2.1","UDP","58","Source port: 47620  Destination port: 9930"
"480","1403525407.402322","10.0.2.23","10.0.2.1","UDP","58","Source port: 47620  Destination port: 9930"
"481","1403525407.902626","10.0.2.23","10.0.2.1","UDP","58","Source port: 47620  Destination port: 9930"
"482","1403525408.403033","10.0.2.23","10.0.2.1","UDP","58","Source port: 47620  Destination port: 9930"
"483","1403525408.903466","10.0.2.23","10.0.2.1","UDP","58","Source port: 47620  Destination port: 9930"
"484","1403525409.403948","10.0.2.23","10.0.2.1","UDP","58","Source port: 47620  Destination port: 9930"
"485","1403525409.904427","10.0.2.23","10.0.2.1","UDP","58","Source port: 47620  Destination port: 9930"
"486","1403525410.404896","10.0.2.23","10.0.2.1","UDP","58","Source port: 47620  Destination port: 9930"
"487","1403525410.905380","10.0.2.23","10.0.2.1","UDP","58","Source port: 47620  Destination port: 9930"
"488","1403525411.405853","10.0.2.23","10.0.2.1","UDP","58","Source port: 47620  Destination port: 9930"
"489","1403525411.906333","10.0.2.23","10.0.2.1","UDP","58","Source port: 47620  Destination port: 9930"
"490","1403525412.406870","10.0.2.23","10.0.2.1","UDP","58","Source port: 47620  Destination port: 9930"
"491","1403525412.907330","10.0.2.23","10.0.2.1","UDP","58","Source port: 47620  Destination port: 9930"
"492","1403525413.407825","10.0.2.23","10.0.2.1","UDP","58","Source port: 47620  Destination port: 9930"
"493","1403525413.908306","10.0.2.23","10.0.2.1","UDP","58","Source port: 47620  Destination port: 9930"
"494","1403525414.408730","10.0.2.23","10.0.2.1","UDP","58","Source port: 47620  Destination port: 9930"
"495","1403525414.909208","10.0.2.23","10.0.2.1","UDP","58","Source port: 47620  Destination port: 9930"
"496","1403525415.409686","10.0.2.23","10.0.2.1","UDP","58","Source port: 47620  Destination port: 9930"
"497","1403525415.910117","10.0.2.23","10.0.2.1","UDP","58","Source port: 47620  Destination port: 9930"
"498","1403525416.410539","10.0.2.23","10.0.2.1","UDP","58","Source port: 47620  Destination port: 9930"
"499","1403525416.911214","10.0.2.23","10.0.2.1","UDP","58","Source port: 47620  Destination port: 9930"
"500","1403525417.411490","10.0.2.23","10.0.2.1","UDP","58","Source port: 47620  Destination port: 9930"
"501","1403525418.217439","10.0.2.23","10.0.2.1","UDP","58","Source port: 50773  Destination port: 9930"
"502","1403525419.018085","10.0.2.23","10.0.2.1","UDP","58","Source port: 50773  Destination port: 9930"
"503","1403525419.818648","10.0.2.23","10.0.2.1","UDP","58","Source port: 50773  Destination port: 9930"
"504","1403525420.619214","10.0.2.23","10.0.2.1","UDP","58","Source port: 50773  Destination port: 9930"
"505","1403525421.419722","10.0.2.23","10.0.2.1","UDP","58","Source port: 50773  Destination port: 9930"
"506","1403525422.220290","10.0.2.23","10.0.2.1","UDP","58","Source port: 50773  Destination port: 9930"
"507","1403525423.020794","10.0.2.23","10.0.2.1","UDP","58","Source port: 50773  Destination port: 9930"
"508","1403525423.821305","10.0.2.23","10.0.2.1","UDP","58","Source port: 50773  Destination port: 9930"
"509","1403525424.621836","10.0.2.23","10.0.2.1","UDP","58","Source port: 50773  Destination port: 9930"
"510","1403525425.422363","10.0.2.23","10.0.2.1","UDP","58","Source port: 50773  Destination port: 9930"
"511","1403525426.222812","10.0.2.23","10.0.2.1","UDP","58","Source port: 50773  Destination port: 9930"
"512","1403525427.023098","10.0.2.23","10.0.2.1","UDP","58","Source port: 50773  Destination port: 9930"
"513","1403525427.823391","10.0.2.23","10.0.2.1","UDP","58","Source port: 50773  Destination port: 9930"
"514","1403525428.623681","10.0.2.23","10.0.2.1","UDP","58","Source port: 50773  Destination port: 9930"
"515","1403525429.423963","10.0.2.23","10.0.2.1","UDP","58","Source port: 50773  Destination port: 9930"
"516","1403525430.224249","10.0.2.23","10.0.2.1","UDP","58","Source port: 50773  Destination port: 9930"
"517","1403525431.024540","10.0.2.23","10.0.2.1","UDP","58","Source port: 50773  Destination port: 9930"
"518","1403525431.824828","10.0.2.23","10.0.2.1","UDP","58","Source port: 50773  Destination port: 9930"
"519","1403525432.625129","10.0.2.23","10.0.2.1","UDP","58","Source port: 50773  Destination port: 9930"
"520","1403525433.425429","10.0.2.23","10.0.2.1","UDP","58","Source port: 50773  Destination port: 9930"
"521","1403525434.225739","10.0.2.23","10.0.2.1","UDP","58","Source port: 50773  Destination port: 9930"
"522","1403525435.026043","10.0.2.23","10.0.2.1","UDP","58","Source port: 50773  Destination port: 9930"
"523","1403525435.826340","10.0.2.23","10.0.2.1","UDP","58","Source port: 50773  Destination port: 9930"
"524","1403525436.626637","10.0.2.23","10.0.2.1","UDP","58","Source port: 50773  Destination port: 9930"
"525","1403525437.426981","10.0.2.23","10.0.2.1","UDP","58","Source port: 50773  Destination port: 9930"
"526","1403525438.227265","10.0.2.23","10.0.2.1","UDP","58","Source port: 50773  Destination port: 9930"
"527","1403525439.027557","10.0.2.23","10.0.2.1","UDP","58","Source port: 50773  Destination port: 9930"
"528","1403525439.827859","10.0.2.23","10.0.2.1","UDP","58","Source port: 50773  Destination port: 9930"
"529","1403525440.628156","10.0.2.23","10.0.2.1","UDP","58","Source port: 50773  Destination port: 9930"
"530","1403525441.428443","10.0.2.23","10.0.2.1","UDP","58","Source port: 50773  Destination port: 9930"
"531","1403525442.228749","10.0.2.23","10.0.2.1","UDP","58","Source port: 50773  Destination port: 9930"
"532","1403525443.029046","10.0.2.23","10.0.2.1","UDP","58","Source port: 50773  Destination port: 9930"
"533","1403525443.829345","10.0.2.23","10.0.2.1","UDP","58","Source port: 50773  Destination port: 9930"
"534","1403525444.629628","10.0.2.23","10.0.2.1","UDP","58","Source port: 50773  Destination port: 9930"
"535","1403525445.429912","10.0.2.23","10.0.2.1","UDP","58","Source port: 50773  Destination port: 9930"
"536","1403525446.230192","10.0.2.23","10.0.2.1","UDP","58","Source port: 50773  Destination port: 9930"
"537","1403525447.030489","10.0.2.23","10.0.2.1","UDP","58","Source port: 50773  Destination port: 9930"
"538","1403525447.830832","10.0.2.23","10.0.2.1","UDP","58","Source port: 50773  Destination port: 9930"
"539","1403525448.631141","10.0.2.23","10.0.2.1","UDP","58","Source port: 50773  Destination port: 9930"
"540","1403525449.431436","10.0.2.23","10.0.2.1","UDP","58","Source port: 50773  Destination port: 9930"
"541","1403525450.231725","10.0.2.23","10.0.2.1","UDP","58","Source port: 50773  Destination port: 9930"
"542","1403525451.032009","10.0.2.23","10.0.2.1","UDP","58","Source port: 50773  Destination port: 9930"
"543","1403525451.832315","10.0.2.23","10.0.2.1","UDP","58","Source port: 50773  Destination port: 9930"
"544","1403525452.632638","10.0.2.23","10.0.2.1","UDP","58","Source port: 50773  Destination port: 9930"
"545","1403525453.432939","10.0.2.23","10.0.2.1","UDP","58","Source port: 50773  Destination port: 9930"
"546","1403525454.233226","10.0.2.23","10.0.2.1","UDP","58","Source port: 50773  Destination port: 9930"
"547","1403525455.033521","10.0.2.23","10.0.2.1","UDP","58","Source port: 50773  Destination port: 9930"
"548","1403525455.833811","10.0.2.23","10.0.2.1","UDP","58","Source port: 50773  Destination port: 9930"
"549","1403525456.634095","10.0.2.23","10.0.2.1","UDP","58","Source port: 50773  Destination port: 9930"
"550","1403525457.434386","10.0.2.23","10.0.2.1","UDP","58","Source port: 50773  Destination port: 9930"
"551","1403525458.444272","10.0.2.23","10.0.2.1","UDP","58","Source port: 36308  Destination port: 9930"
"552","1403525459.444865","10.0.2.23","10.0.2.1","UDP","58","Source port: 36308  Destination port: 9930"
"553","1403525460.445166","10.0.2.23","10.0.2.1","UDP","58","Source port: 36308  Destination port: 9930"
"554","1403525461.445444","10.0.2.23","10.0.2.1","UDP","58","Source port: 36308  Destination port: 9930"
"555","1403525462.445744","10.0.2.23","10.0.2.1","UDP","58","Source port: 36308  Destination port: 9930"
"556","1403525463.446041","10.0.2.23","10.0.2.1","UDP","58","Source port: 36308  Destination port: 9930"
"557","1403525464.446334","10.0.2.23","10.0.2.1","UDP","58","Source port: 36308  Destination port: 9930"
"558","1403525465.446628","10.0.2.23","10.0.2.1","UDP","58","Source port: 36308  Destination port: 9930"
"559","1403525466.446972","10.0.2.23","10.0.2.1","UDP","58","Source port: 36308  Destination port: 9930"
"560","1403525467.447269","10.0.2.23","10.0.2.1","UDP","58","Source port: 36308  Destination port: 9930"
"561","1403525468.447570","10.0.2.23","10.0.2.1","UDP","58","Source port: 36308  Destination port: 9930"
"562","1403525469.447858","10.0.2.23","10.0.2.1","UDP","58","Source port: 36308  Destination port: 9930"
"563","1403525470.448147","10.0.2.23","10.0.2.1","UDP","58","Source port: 36308  Destination port: 9930"
"564","1403525471.448435","10.0.2.23","10.0.2.1","UDP","58","Source port: 36308  Destination port: 9930"
"565","1403525472.448747","10.0.2.23","10.0.2.1","UDP","58","Source port: 36308  Destination port: 9930"
"566","1403525473.449053","10.0.2.23","10.0.2.1","UDP","58","Source port: 36308  Destination port: 9930"
"567","1403525474.449345","10.0.2.23","10.0.2.1","UDP","58","Source port: 36308  Destination port: 9930"
"568","1403525475.449633","10.0.2.23","10.0.2.1","UDP","58","Source port: 36308  Destination port: 9930"
"569","1403525476.449924","10.0.2.23","10.0.2.1","UDP","58","Source port: 36308  Destination port: 9930"
"570","1403525477.450217","10.0.2.23","10.0.2.1","UDP","58","Source port: 36308  Destination port: 9930"
"571","1403525478.450509","10.0.2.23","10.0.2.1","UDP","58","Source port: 36308  Destination port: 9930"
"572","1403525479.450836","10.0.2.23","10.0.2.1","UDP","58","Source port: 36308  Destination port: 9930"
"573","1403525480.451129","10.0.2.23","10.0.2.1","UDP","58","Source port: 36308  Destination port: 9930"
"574","1403525481.451425","10.0.2.23","10.0.2.1","UDP","58","Source port: 36308  Destination port: 9930"
"575","1403525482.451731","10.0.2.23","10.0.2.1","UDP","58","Source port: 36308  Destination port: 9930"
"576","1403525483.452039","10.0.2.23","10.0.2.1","UDP","58","Source port: 36308  Destination port: 9930"
"577","1403525484.452334","10.0.2.23","10.0.2.1","UDP","58","Source port: 36308  Destination port: 9930"
"578","1403525485.452628","10.0.2.23","10.0.2.1","UDP","58","Source port: 36308  Destination port: 9930"
"579","1403525486.452917","10.0.2.23","10.0.2.1","UDP","58","Source port: 36308  Destination port: 9930"
"580","1403525487.453212","10.0.2.23","10.0.2.1","UDP","58","Source port: 36308  Destination port: 9930"
"581","1403525488.453493","10.0.2.23","10.0.2.1","UDP","58","Source port: 36308  Destination port: 9930"
"582","1403525489.453777","10.0.2.23","10.0.2.1","UDP","58","Source port: 36308  Destination port: 9930"
"583","1403525490.454068","10.0.2.23","10.0.2.1","UDP","58","Source port: 36308  Destination port: 9930"
"584","1403525491.454359","10.0.2.23","10.0.2.1","UDP","58","Source port: 36308  Destination port: 9930"
"585","1403525492.454659","10.0.2.23","10.0.2.1","UDP","58","Source port: 36308  Destination port: 9930"
"586","1403525493.455020","10.0.2.23","10.0.2.1","UDP","58","Source port: 36308  Destination port: 9930"
"587","1403525494.455298","10.0.2.23","10.0.2.1","UDP","58","Source port: 36308  Destination port: 9930"
"588","1403525495.455572","10.0.2.23","10.0.2.1","UDP","58","Source port: 36308  Destination port: 9930"
"589","1403525496.455868","10.0.2.23","10.0.2.1","UDP","58","Source port: 36308  Destination port: 9930"
"590","1403525497.456157","10.0.2.23","10.0.2.1","UDP","58","Source port: 36308  Destination port: 9930"
"591","1403525498.456462","10.0.2.23","10.0.2.1","UDP","58","Source port: 36308  Destination port: 9930"
"592","1403525499.456763","10.0.2.23","10.0.2.1","UDP","58","Source port: 36308  Destination port: 9930"
"593","1403525500.457051","10.0.2.23","10.0.2.1","UDP","58","Source port: 36308  Destination port: 9930"
"594","1403525501.457338","10.0.2.23","10.0.2.1","UDP","58","Source port: 36308  Destination port: 9930"
"595","1403525502.457640","10.0.2.23","10.0.2.1","UDP","58","Source port: 36308  Destination port: 9930"
"596","1403525503.457943","10.0.2.23","10.0.2.1","UDP","58","Source port: 36308  Destination port: 9930"
"597","1403525504.458234","10.0.2.23","10.0.2.1","UDP","58","Source port: 36308  Destination port: 9930"
"598","1403525505.458518","10.0.2.23","10.0.2.1","UDP","58","Source port: 36308  Destination port: 9930"
"599","1403525506.458838","10.0.2.23","10.0.2.1","UDP","58","Source port: 36308  Destination port: 9930"
"600","1403525507.459129","10.0.2.23","10.0.2.1","UDP","58","Source port: 36308  Destination port: 9930"
